{"root":[{"assemblyName":"Cinemachine","nameSpace":"Cinemachine","className":"CinemachineStoryboard","methodName":"InitializeModule","loadTypes":0,"isUnityClass":false},{"assemblyName":"Cinemachine","nameSpace":"Cinemachine","className":"CinemachineCore","methodName":"InitializeModule","loadTypes":0,"isUnityClass":false},{"assemblyName":"Cinemachine","nameSpace":"Cinemachine","className":"UpdateTracker","methodName":"InitializeModule","loadTypes":0,"isUnityClass":false},{"assemblyName":"Cinemachine","nameSpace":"Cinemachine","className":"CinemachineImpulseManager","methodName":"InitializeModule","loadTypes":0,"isUnityClass":false},{"assemblyName":"Oculus.Spatializer","nameSpace":"","className":"ONSPAudioSource","methodName":"OnBeforeSceneLoadRuntimeMethod","loadTypes":1,"isUnityClass":false},{"assemblyName":"Oculus.VR","nameSpace":"","className":"OVRSpatialAnchor","methodName":"InitializeOnLoad","loadTypes":4,"isUnityClass":false},{"assemblyName":"Unity.AI.Navigation","nameSpace":"Unity.AI.Navigation","className":"NavMeshLink","methodName":"ClearTrackedList","loadTypes":1,"isUnityClass":true},{"assemblyName":"Unity.AI.Navigation","nameSpace":"Unity.AI.Navigation","className":"NavMeshModifier","methodName":"ClearNavMeshModifiers","loadTypes":1,"isUnityClass":true},{"assemblyName":"Unity.AI.Navigation","nameSpace":"Unity.AI.Navigation","className":"NavMeshModifierVolume","methodName":"ClearNavMeshModifiers","loadTypes":1,"isUnityClass":true},{"assemblyName":"Unity.AI.Navigation","nameSpace":"Unity.AI.Navigation","className":"NavMeshSurface","methodName":"ClearNavMeshSurfaces","loadTypes":1,"isUnityClass":true},{"assemblyName":"Unity.VisualScripting.Core","nameSpace":"Unity.VisualScripting","className":"RuntimeVSUsageUtility","methodName":"RuntimeInitializeOnLoadBeforeSceneLoad","loadTypes":1,"isUnityClass":true},{"assemblyName":"Unity.XR.Management","nameSpace":"UnityEngine.XR.Management","className":"XRGeneralSettings","methodName":"AttemptInitializeXRSDKOnLoad","loadTypes":2,"isUnityClass":true},{"assemblyName":"Unity.XR.Management","nameSpace":"UnityEngine.XR.Management","className":"XRGeneralSettings","methodName":"AttemptStartXRSDKOnBeforeSplashScreen","loadTypes":3,"isUnityClass":true},{"assemblyName":"Unity.XR.Oculus","nameSpace":"Unity.XR.Oculus","className":"OculusLoader","methodName":"RuntimeLoadOVRPlugin","loadTypes":2,"isUnityClass":true},{"assemblyName":"VoiceSDK.Runtime","nameSpace":"Oculus.Voice","className":"VoiceSDKConstants","methodName":"Init","loadTypes":0,"isUnityClass":false},{"assemblyName":"VoiceSDK.Runtime","nameSpace":"Oculus.Voice.Logging","className":"TTSServiceLogging","methodName":"Init","loadTypes":0,"isUnityClass":false}]}
